text,label
I disagree because the code will fail on edge cases.,1
Check out my profile for more answers!,0
Great explanation with examples.,1
Spam spam spam spam spam spam spam spam spam,0
I totally agree with the above explanation.,1
Visit this link for free stuff!,0
Subscribe now and get free access!,0
This solution worked perfectly for me.,1
You can use a loop to iterate over the array.,1
I disagree because the code will fail on edge cases.,1
I disagree because the code will fail on edge cases.,1
I disagree because the code will fail on edge cases.,1
This answer solved my problem exactly.,1
This solution worked perfectly for me.,1
"Thanks for the detailed explanation, very helpful!",1
Free downloads at spamlink.com!,0
Click here for free gifts!!!,0
I totally agree with the above explanation.,1
Limited offer! Act now!!!,0
Subscribe now and get free access!,0
Get rich quick by clicking this link!,0
Visit this link for free stuff!,0
Great explanation with examples.,1
Get rich quick by clicking this link!,0
"Thanks for the detailed explanation, very helpful!",1
Try increasing the buffer size and see if it helps.,1
This solution worked perfectly for me.,1
Check out my profile for more answers!,0
This is spam spam spam spam.,0
Here's a working code snippet you can try.,1
Visit this link for free stuff!,0
Great explanation with examples.,1
I disagree because the code will fail on edge cases.,1
Buy cheap followers at spammywebsite.com!,0
"Thanks for the detailed explanation, very helpful!",1
This solution worked perfectly for me.,1
This is spam spam spam spam.,0
Spam spam spam spam spam spam spam spam spam,0
You can use a loop to iterate over the array.,1
Limited offer! Act now!!!,0
I disagree because the code will fail on edge cases.,1
Try increasing the buffer size and see if it helps.,1
Here's a working code snippet you can try.,1
Get rich quick by clicking this link!,0
Try increasing the buffer size and see if it helps.,1
The official docs provide more details about this function.,1
Limited offer! Act now!!!,0
Great explanation with examples.,1
This solution worked perfectly for me.,1
Check out my profile for more answers!,0
Spam spam spam spam spam spam spam spam spam,0
Check out my profile for more answers!,0
Visit this link for free stuff!,0
Spam spam spam spam spam spam spam spam spam,0
This is spam spam spam spam.,0
Great explanation with examples.,1
I disagree because the code will fail on edge cases.,1
Here's a working code snippet you can try.,1
Free downloads at spamlink.com!,0
Great explanation with examples.,1
Check out my profile for more answers!,0
Free downloads at spamlink.com!,0
This answer solved my problem exactly.,1
"Thanks for the detailed explanation, very helpful!",1
Free downloads at spamlink.com!,0
This solution worked perfectly for me.,1
This solution worked perfectly for me.,1
Buy cheap followers at spammywebsite.com!,0
Get rich quick by clicking this link!,0
Buy cheap followers at spammywebsite.com!,0
This answer solved my problem exactly.,1
The official docs provide more details about this function.,1
"Thanks for the detailed explanation, very helpful!",1
Subscribe now and get free access!,0
I totally agree with the above explanation.,1
The official docs provide more details about this function.,1
Visit this link for free stuff!,0
This solution worked perfectly for me.,1
This is spam spam spam spam.,0
Great explanation with examples.,1
The official docs provide more details about this function.,1
I totally agree with the above explanation.,1
Free downloads at spamlink.com!,0
You can use a loop to iterate over the array.,1
Visit this link for free stuff!,0
Great explanation with examples.,1
Spam spam spam spam spam spam spam spam spam,0
Visit this link for free stuff!,0
Get rich quick by clicking this link!,0
I totally agree with the above explanation.,1
Try increasing the buffer size and see if it helps.,1
Great explanation with examples.,1
Get rich quick by clicking this link!,0
Try increasing the buffer size and see if it helps.,1
Visit this link for free stuff!,0
This is spam spam spam spam.,0
I totally agree with the above explanation.,1
"Thanks for the detailed explanation, very helpful!",1
Great explanation with examples.,1
Great explanation with examples.,1
I totally agree with the above explanation.,1
Buy cheap followers at spammywebsite.com!,0
The official docs provide more details about this function.,1
Great explanation with examples.,1
I disagree because the code will fail on edge cases.,1
Buy cheap followers at spammywebsite.com!,0
Visit this link for free stuff!,0
Here's a working code snippet you can try.,1
Click here for free gifts!!!,0
This answer solved my problem exactly.,1
Visit this link for free stuff!,0
Great explanation with examples.,1
Subscribe now and get free access!,0
Click here for free gifts!!!,0
I disagree because the code will fail on edge cases.,1
This answer solved my problem exactly.,1
This solution worked perfectly for me.,1
Try increasing the buffer size and see if it helps.,1
You can use a loop to iterate over the array.,1
Subscribe now and get free access!,0
The official docs provide more details about this function.,1
Get rich quick by clicking this link!,0
Subscribe now and get free access!,0
This is spam spam spam spam.,0
Buy cheap followers at spammywebsite.com!,0
Spam spam spam spam spam spam spam spam spam,0
Limited offer! Act now!!!,0
Spam spam spam spam spam spam spam spam spam,0
Free downloads at spamlink.com!,0
I totally agree with the above explanation.,1
Here's a working code snippet you can try.,1
"Thanks for the detailed explanation, very helpful!",1
Subscribe now and get free access!,0
I totally agree with the above explanation.,1
I totally agree with the above explanation.,1
This answer solved my problem exactly.,1
Subscribe now and get free access!,0
Spam spam spam spam spam spam spam spam spam,0
Buy cheap followers at spammywebsite.com!,0
Buy cheap followers at spammywebsite.com!,0
Subscribe now and get free access!,0
Great explanation with examples.,1
"Thanks for the detailed explanation, very helpful!",1
Visit this link for free stuff!,0
Limited offer! Act now!!!,0
You can use a loop to iterate over the array.,1
Free downloads at spamlink.com!,0
You can use a loop to iterate over the array.,1
Great explanation with examples.,1
Get rich quick by clicking this link!,0
Subscribe now and get free access!,0
The official docs provide more details about this function.,1
This answer solved my problem exactly.,1
The official docs provide more details about this function.,1
Great explanation with examples.,1
You can use a loop to iterate over the array.,1
"Thanks for the detailed explanation, very helpful!",1
Buy cheap followers at spammywebsite.com!,0
Free downloads at spamlink.com!,0
This answer solved my problem exactly.,1
Subscribe now and get free access!,0
"Thanks for the detailed explanation, very helpful!",1
Here's a working code snippet you can try.,1
Click here for free gifts!!!,0
You can use a loop to iterate over the array.,1
Here's a working code snippet you can try.,1
Spam spam spam spam spam spam spam spam spam,0
This solution worked perfectly for me.,1
Click here for free gifts!!!,0
"Thanks for the detailed explanation, very helpful!",1
Get rich quick by clicking this link!,0
Subscribe now and get free access!,0
This answer solved my problem exactly.,1
I disagree because the code will fail on edge cases.,1
I totally agree with the above explanation.,1
Great explanation with examples.,1
You can use a loop to iterate over the array.,1
Free downloads at spamlink.com!,0
Visit this link for free stuff!,0
The official docs provide more details about this function.,1
Try increasing the buffer size and see if it helps.,1
Visit this link for free stuff!,0
Great explanation with examples.,1
Spam spam spam spam spam spam spam spam spam,0
Spam spam spam spam spam spam spam spam spam,0
Limited offer! Act now!!!,0
Free downloads at spamlink.com!,0
Check out my profile for more answers!,0
Buy cheap followers at spammywebsite.com!,0
Here's a working code snippet you can try.,1
"Thanks for the detailed explanation, very helpful!",1
Buy cheap followers at spammywebsite.com!,0
Here's a working code snippet you can try.,1
The official docs provide more details about this function.,1
This solution worked perfectly for me.,1
Get rich quick by clicking this link!,0
I totally agree with the above explanation.,1
This is spam spam spam spam.,0
Limited offer! Act now!!!,0
Free downloads at spamlink.com!,0
Buy cheap followers at spammywebsite.com!,0
Here's a working code snippet you can try.,1
This answer solved my problem exactly.,1
Get rich quick by clicking this link!,0
I totally agree with the above explanation.,1
Check out my profile for more answers!,0
Great explanation with examples.,1
The official docs provide more details about this function.,1
Try increasing the buffer size and see if it helps.,1
Check out my profile for more answers!,0
This solution worked perfectly for me.,1
This answer solved my problem exactly.,1
Free downloads at spamlink.com!,0
Check out my profile for more answers!,0
Try increasing the buffer size and see if it helps.,1
The official docs provide more details about this function.,1
You can use a loop to iterate over the array.,1
Buy cheap followers at spammywebsite.com!,0
Visit this link for free stuff!,0
I disagree because the code will fail on edge cases.,1
You can use a loop to iterate over the array.,1
Here's a working code snippet you can try.,1
Get rich quick by clicking this link!,0
This solution worked perfectly for me.,1
Subscribe now and get free access!,0
Great explanation with examples.,1
The official docs provide more details about this function.,1
Get rich quick by clicking this link!,0
Limited offer! Act now!!!,0
This answer solved my problem exactly.,1
Free downloads at spamlink.com!,0
This answer solved my problem exactly.,1
Spam spam spam spam spam spam spam spam spam,0
You can use a loop to iterate over the array.,1
Subscribe now and get free access!,0
Free downloads at spamlink.com!,0
Get rich quick by clicking this link!,0
Free downloads at spamlink.com!,0
I disagree because the code will fail on edge cases.,1
Subscribe now and get free access!,0
Try increasing the buffer size and see if it helps.,1
Get rich quick by clicking this link!,0
Buy cheap followers at spammywebsite.com!,0
Buy cheap followers at spammywebsite.com!,0
I disagree because the code will fail on edge cases.,1
Subscribe now and get free access!,0
Try increasing the buffer size and see if it helps.,1
Buy cheap followers at spammywebsite.com!,0
Check out my profile for more answers!,0
Here's a working code snippet you can try.,1
Free downloads at spamlink.com!,0
Click here for free gifts!!!,0
This answer solved my problem exactly.,1
Here's a working code snippet you can try.,1
Subscribe now and get free access!,0
Great explanation with examples.,1
Visit this link for free stuff!,0
This solution worked perfectly for me.,1
This solution worked perfectly for me.,1
I disagree because the code will fail on edge cases.,1
Buy cheap followers at spammywebsite.com!,0
Subscribe now and get free access!,0
Great explanation with examples.,1
This answer solved my problem exactly.,1
Subscribe now and get free access!,0
Free downloads at spamlink.com!,0
Buy cheap followers at spammywebsite.com!,0
Limited offer! Act now!!!,0
The official docs provide more details about this function.,1
This answer solved my problem exactly.,1
This answer solved my problem exactly.,1
Subscribe now and get free access!,0
Visit this link for free stuff!,0
Visit this link for free stuff!,0
Subscribe now and get free access!,0
Here's a working code snippet you can try.,1
Great explanation with examples.,1
Check out my profile for more answers!,0
Click here for free gifts!!!,0
You can use a loop to iterate over the array.,1
The official docs provide more details about this function.,1
Buy cheap followers at spammywebsite.com!,0
This is spam spam spam spam.,0
I totally agree with the above explanation.,1
"Thanks for the detailed explanation, very helpful!",1
Free downloads at spamlink.com!,0
Subscribe now and get free access!,0
Here's a working code snippet you can try.,1
Try increasing the buffer size and see if it helps.,1
Here's a working code snippet you can try.,1
Great explanation with examples.,1
Here's a working code snippet you can try.,1
Buy cheap followers at spammywebsite.com!,0
This solution worked perfectly for me.,1
Great explanation with examples.,1
Try increasing the buffer size and see if it helps.,1
Get rich quick by clicking this link!,0
Click here for free gifts!!!,0
"Thanks for the detailed explanation, very helpful!",1
Limited offer! Act now!!!,0
This solution worked perfectly for me.,1
Free downloads at spamlink.com!,0
You can use a loop to iterate over the array.,1
This solution worked perfectly for me.,1
I disagree because the code will fail on edge cases.,1
Buy cheap followers at spammywebsite.com!,0
Free downloads at spamlink.com!,0
Limited offer! Act now!!!,0
This answer solved my problem exactly.,1
Check out my profile for more answers!,0
"Thanks for the detailed explanation, very helpful!",1
This solution worked perfectly for me.,1
Try increasing the buffer size and see if it helps.,1
You can use a loop to iterate over the array.,1
Great explanation with examples.,1
Spam spam spam spam spam spam spam spam spam,0
Here's a working code snippet you can try.,1
Limited offer! Act now!!!,0
Get rich quick by clicking this link!,0
Check out my profile for more answers!,0
Try increasing the buffer size and see if it helps.,1
Try increasing the buffer size and see if it helps.,1
Here's a working code snippet you can try.,1
Click here for free gifts!!!,0
Buy cheap followers at spammywebsite.com!,0
This is spam spam spam spam.,0
Limited offer! Act now!!!,0
Great explanation with examples.,1
I totally agree with the above explanation.,1
This is spam spam spam spam.,0
Great explanation with examples.,1
Visit this link for free stuff!,0
Check out my profile for more answers!,0
I totally agree with the above explanation.,1
Spam spam spam spam spam spam spam spam spam,0
You can use a loop to iterate over the array.,1
I totally agree with the above explanation.,1
Great explanation with examples.,1
Get rich quick by clicking this link!,0
You can use a loop to iterate over the array.,1
Limited offer! Act now!!!,0
Click here for free gifts!!!,0
Free downloads at spamlink.com!,0
Visit this link for free stuff!,0
Get rich quick by clicking this link!,0
Free downloads at spamlink.com!,0
"Thanks for the detailed explanation, very helpful!",1
Check out my profile for more answers!,0
Free downloads at spamlink.com!,0
Visit this link for free stuff!,0
Buy cheap followers at spammywebsite.com!,0
The official docs provide more details about this function.,1
Limited offer! Act now!!!,0
Subscribe now and get free access!,0
I disagree because the code will fail on edge cases.,1
I disagree because the code will fail on edge cases.,1
Free downloads at spamlink.com!,0
I disagree because the code will fail on edge cases.,1
Here's a working code snippet you can try.,1
This solution worked perfectly for me.,1
Here's a working code snippet you can try.,1
You can use a loop to iterate over the array.,1
I disagree because the code will fail on edge cases.,1
Great explanation with examples.,1
Try increasing the buffer size and see if it helps.,1
Get rich quick by clicking this link!,0
Try increasing the buffer size and see if it helps.,1
This is spam spam spam spam.,0
Click here for free gifts!!!,0
Subscribe now and get free access!,0
Visit this link for free stuff!,0
Check out my profile for more answers!,0
I disagree because the code will fail on edge cases.,1
This solution worked perfectly for me.,1
Click here for free gifts!!!,0
Spam spam spam spam spam spam spam spam spam,0
"Thanks for the detailed explanation, very helpful!",1
I totally agree with the above explanation.,1
This is spam spam spam spam.,0
I totally agree with the above explanation.,1
Here's a working code snippet you can try.,1
Get rich quick by clicking this link!,0
Here's a working code snippet you can try.,1
Subscribe now and get free access!,0
This is spam spam spam spam.,0
"Thanks for the detailed explanation, very helpful!",1
The official docs provide more details about this function.,1
Subscribe now and get free access!,0
Click here for free gifts!!!,0
Buy cheap followers at spammywebsite.com!,0
I disagree because the code will fail on edge cases.,1
Limited offer! Act now!!!,0
The official docs provide more details about this function.,1
Limited offer! Act now!!!,0
Check out my profile for more answers!,0
Here's a working code snippet you can try.,1
Great explanation with examples.,1
I disagree because the code will fail on edge cases.,1
"Thanks for the detailed explanation, very helpful!",1
Great explanation with examples.,1
"Thanks for the detailed explanation, very helpful!",1
Check out my profile for more answers!,0
Limited offer! Act now!!!,0
Spam spam spam spam spam spam spam spam spam,0
Get rich quick by clicking this link!,0
Buy cheap followers at spammywebsite.com!,0
This solution worked perfectly for me.,1
Click here for free gifts!!!,0
The official docs provide more details about this function.,1
Buy cheap followers at spammywebsite.com!,0
Get rich quick by clicking this link!,0
Free downloads at spamlink.com!,0
Check out my profile for more answers!,0
Try increasing the buffer size and see if it helps.,1
You can use a loop to iterate over the array.,1
Click here for free gifts!!!,0
"Thanks for the detailed explanation, very helpful!",1
The official docs provide more details about this function.,1
Here's a working code snippet you can try.,1
Here's a working code snippet you can try.,1
Free downloads at spamlink.com!,0
I totally agree with the above explanation.,1
Free downloads at spamlink.com!,0
I disagree because the code will fail on edge cases.,1
This is spam spam spam spam.,0
I disagree because the code will fail on edge cases.,1
This is spam spam spam spam.,0
This is spam spam spam spam.,0
Spam spam spam spam spam spam spam spam spam,0
This is spam spam spam spam.,0
Subscribe now and get free access!,0
Limited offer! Act now!!!,0
The official docs provide more details about this function.,1
Check out my profile for more answers!,0
I disagree because the code will fail on edge cases.,1
Click here for free gifts!!!,0
Buy cheap followers at spammywebsite.com!,0
I totally agree with the above explanation.,1
Limited offer! Act now!!!,0
The official docs provide more details about this function.,1
Subscribe now and get free access!,0
This is spam spam spam spam.,0
You can use a loop to iterate over the array.,1
The official docs provide more details about this function.,1
"Thanks for the detailed explanation, very helpful!",1
Subscribe now and get free access!,0
Try increasing the buffer size and see if it helps.,1
Spam spam spam spam spam spam spam spam spam,0
The official docs provide more details about this function.,1
Subscribe now and get free access!,0
I disagree because the code will fail on edge cases.,1
Free downloads at spamlink.com!,0
I totally agree with the above explanation.,1
This solution worked perfectly for me.,1
Click here for free gifts!!!,0
I disagree because the code will fail on edge cases.,1
I disagree because the code will fail on edge cases.,1
This answer solved my problem exactly.,1
This is spam spam spam spam.,0
This is spam spam spam spam.,0
The official docs provide more details about this function.,1
This answer solved my problem exactly.,1
Great explanation with examples.,1
Spam spam spam spam spam spam spam spam spam,0
Check out my profile for more answers!,0
Click here for free gifts!!!,0
Check out my profile for more answers!,0
Try increasing the buffer size and see if it helps.,1
Buy cheap followers at spammywebsite.com!,0
I disagree because the code will fail on edge cases.,1
Great explanation with examples.,1
Get rich quick by clicking this link!,0
Visit this link for free stuff!,0
Check out my profile for more answers!,0
Visit this link for free stuff!,0
This answer solved my problem exactly.,1
Spam spam spam spam spam spam spam spam spam,0
This solution worked perfectly for me.,1
The official docs provide more details about this function.,1
Get rich quick by clicking this link!,0
Subscribe now and get free access!,0
Try increasing the buffer size and see if it helps.,1
I totally agree with the above explanation.,1
"Thanks for the detailed explanation, very helpful!",1
This is spam spam spam spam.,0
Check out my profile for more answers!,0
Here's a working code snippet you can try.,1
I disagree because the code will fail on edge cases.,1
Spam spam spam spam spam spam spam spam spam,0
This answer solved my problem exactly.,1
This answer solved my problem exactly.,1
Check out my profile for more answers!,0
Check out my profile for more answers!,0
Get rich quick by clicking this link!,0
Visit this link for free stuff!,0
Spam spam spam spam spam spam spam spam spam,0
I totally agree with the above explanation.,1
This answer solved my problem exactly.,1
Get rich quick by clicking this link!,0
I totally agree with the above explanation.,1
I totally agree with the above explanation.,1
"Thanks for the detailed explanation, very helpful!",1
Here's a working code snippet you can try.,1
Limited offer! Act now!!!,0
Free downloads at spamlink.com!,0
This solution worked perfectly for me.,1
You can use a loop to iterate over the array.,1
I disagree because the code will fail on edge cases.,1
This is spam spam spam spam.,0
Here's a working code snippet you can try.,1
The official docs provide more details about this function.,1
Spam spam spam spam spam spam spam spam spam,0
This answer solved my problem exactly.,1
I totally agree with the above explanation.,1
Check out my profile for more answers!,0
Get rich quick by clicking this link!,0
This is spam spam spam spam.,0
This solution worked perfectly for me.,1
Get rich quick by clicking this link!,0
I disagree because the code will fail on edge cases.,1
I disagree because the code will fail on edge cases.,1
This answer solved my problem exactly.,1
This is spam spam spam spam.,0
This solution worked perfectly for me.,1
Try increasing the buffer size and see if it helps.,1
Spam spam spam spam spam spam spam spam spam,0
This is spam spam spam spam.,0
Click here for free gifts!!!,0
Click here for free gifts!!!,0
Get rich quick by clicking this link!,0
This is spam spam spam spam.,0
I totally agree with the above explanation.,1
I disagree because the code will fail on edge cases.,1
Check out my profile for more answers!,0
Spam spam spam spam spam spam spam spam spam,0
I disagree because the code will fail on edge cases.,1
This solution worked perfectly for me.,1
This solution worked perfectly for me.,1
Click here for free gifts!!!,0
You can use a loop to iterate over the array.,1
Limited offer! Act now!!!,0
Click here for free gifts!!!,0
Try increasing the buffer size and see if it helps.,1
Try increasing the buffer size and see if it helps.,1
Spam spam spam spam spam spam spam spam spam,0
Great explanation with examples.,1
Great explanation with examples.,1
Buy cheap followers at spammywebsite.com!,0
This is spam spam spam spam.,0
Try increasing the buffer size and see if it helps.,1
Visit this link for free stuff!,0
"Thanks for the detailed explanation, very helpful!",1
The official docs provide more details about this function.,1
Spam spam spam spam spam spam spam spam spam,0
Get rich quick by clicking this link!,0
Get rich quick by clicking this link!,0
I totally agree with the above explanation.,1
Limited offer! Act now!!!,0
Limited offer! Act now!!!,0
I disagree because the code will fail on edge cases.,1
Limited offer! Act now!!!,0
Subscribe now and get free access!,0
Get rich quick by clicking this link!,0
Get rich quick by clicking this link!,0
Limited offer! Act now!!!,0
"Thanks for the detailed explanation, very helpful!",1
Visit this link for free stuff!,0
I totally agree with the above explanation.,1
Check out my profile for more answers!,0
This answer solved my problem exactly.,1
This answer solved my problem exactly.,1
Click here for free gifts!!!,0
Here's a working code snippet you can try.,1
Spam spam spam spam spam spam spam spam spam,0
Limited offer! Act now!!!,0
Get rich quick by clicking this link!,0
Here's a working code snippet you can try.,1
Check out my profile for more answers!,0
I totally agree with the above explanation.,1
I disagree because the code will fail on edge cases.,1
I totally agree with the above explanation.,1
This is spam spam spam spam.,0
Try increasing the buffer size and see if it helps.,1
Here's a working code snippet you can try.,1
This answer solved my problem exactly.,1
The official docs provide more details about this function.,1
Here's a working code snippet you can try.,1
Free downloads at spamlink.com!,0
Try increasing the buffer size and see if it helps.,1
I totally agree with the above explanation.,1
Buy cheap followers at spammywebsite.com!,0
"Thanks for the detailed explanation, very helpful!",1
Buy cheap followers at spammywebsite.com!,0
Subscribe now and get free access!,0
Try increasing the buffer size and see if it helps.,1
Visit this link for free stuff!,0
Check out my profile for more answers!,0
This is spam spam spam spam.,0
Click here for free gifts!!!,0
This answer solved my problem exactly.,1
Visit this link for free stuff!,0
I disagree because the code will fail on edge cases.,1
Visit this link for free stuff!,0
Free downloads at spamlink.com!,0
Visit this link for free stuff!,0
The official docs provide more details about this function.,1
"Thanks for the detailed explanation, very helpful!",1
The official docs provide more details about this function.,1
Click here for free gifts!!!,0
Try increasing the buffer size and see if it helps.,1
I totally agree with the above explanation.,1
This solution worked perfectly for me.,1
Click here for free gifts!!!,0
Try increasing the buffer size and see if it helps.,1
Click here for free gifts!!!,0
Great explanation with examples.,1
Get rich quick by clicking this link!,0
Limited offer! Act now!!!,0
Visit this link for free stuff!,0
Great explanation with examples.,1
Check out my profile for more answers!,0
I totally agree with the above explanation.,1
I totally agree with the above explanation.,1
Great explanation with examples.,1
Check out my profile for more answers!,0
Great explanation with examples.,1
I disagree because the code will fail on edge cases.,1
"Thanks for the detailed explanation, very helpful!",1
Get rich quick by clicking this link!,0
"Thanks for the detailed explanation, very helpful!",1
Great explanation with examples.,1
Check out my profile for more answers!,0
This solution worked perfectly for me.,1
Get rich quick by clicking this link!,0
Click here for free gifts!!!,0
Free downloads at spamlink.com!,0
Visit this link for free stuff!,0
This is spam spam spam spam.,0
The official docs provide more details about this function.,1
Click here for free gifts!!!,0
"Thanks for the detailed explanation, very helpful!",1
This is spam spam spam spam.,0
Spam spam spam spam spam spam spam spam spam,0
Check out my profile for more answers!,0
Limited offer! Act now!!!,0
Limited offer! Act now!!!,0
Spam spam spam spam spam spam spam spam spam,0
Visit this link for free stuff!,0
Here's a working code snippet you can try.,1
Click here for free gifts!!!,0
Limited offer! Act now!!!,0
Try increasing the buffer size and see if it helps.,1
You can use a loop to iterate over the array.,1
Click here for free gifts!!!,0
Great explanation with examples.,1
I totally agree with the above explanation.,1
Get rich quick by clicking this link!,0
Free downloads at spamlink.com!,0
Subscribe now and get free access!,0
This solution worked perfectly for me.,1
Spam spam spam spam spam spam spam spam spam,0
Visit this link for free stuff!,0
This answer solved my problem exactly.,1
Limited offer! Act now!!!,0
Spam spam spam spam spam spam spam spam spam,0
You can use a loop to iterate over the array.,1
Limited offer! Act now!!!,0
I totally agree with the above explanation.,1
Great explanation with examples.,1
Visit this link for free stuff!,0
Check out my profile for more answers!,0
I totally agree with the above explanation.,1
Try increasing the buffer size and see if it helps.,1
You can use a loop to iterate over the array.,1
Spam spam spam spam spam spam spam spam spam,0
Subscribe now and get free access!,0
I disagree because the code will fail on edge cases.,1
You can use a loop to iterate over the array.,1
This solution worked perfectly for me.,1
Great explanation with examples.,1
I totally agree with the above explanation.,1
"Thanks for the detailed explanation, very helpful!",1
Try increasing the buffer size and see if it helps.,1
Here's a working code snippet you can try.,1
"Thanks for the detailed explanation, very helpful!",1
Spam spam spam spam spam spam spam spam spam,0
The official docs provide more details about this function.,1
You can use a loop to iterate over the array.,1
Great explanation with examples.,1
Free downloads at spamlink.com!,0
I totally agree with the above explanation.,1
Get rich quick by clicking this link!,0
Get rich quick by clicking this link!,0
You can use a loop to iterate over the array.,1
Visit this link for free stuff!,0
Subscribe now and get free access!,0
Visit this link for free stuff!,0
Free downloads at spamlink.com!,0
Free downloads at spamlink.com!,0
Try increasing the buffer size and see if it helps.,1
Click here for free gifts!!!,0
This is spam spam spam spam.,0
I totally agree with the above explanation.,1
Here's a working code snippet you can try.,1
Spam spam spam spam spam spam spam spam spam,0
Try increasing the buffer size and see if it helps.,1
You can use a loop to iterate over the array.,1
This solution worked perfectly for me.,1
Check out my profile for more answers!,0
Great explanation with examples.,1
Buy cheap followers at spammywebsite.com!,0
Check out my profile for more answers!,0
I totally agree with the above explanation.,1
Limited offer! Act now!!!,0
Try increasing the buffer size and see if it helps.,1
This solution worked perfectly for me.,1
Limited offer! Act now!!!,0
You can use a loop to iterate over the array.,1
I totally agree with the above explanation.,1
Visit this link for free stuff!,0
You can use a loop to iterate over the array.,1
You can use a loop to iterate over the array.,1
Get rich quick by clicking this link!,0
The official docs provide more details about this function.,1
Get rich quick by clicking this link!,0
This answer solved my problem exactly.,1
Here's a working code snippet you can try.,1
Spam spam spam spam spam spam spam spam spam,0
Free downloads at spamlink.com!,0
Subscribe now and get free access!,0
This is spam spam spam spam.,0
Click here for free gifts!!!,0
Get rich quick by clicking this link!,0
Free downloads at spamlink.com!,0
Limited offer! Act now!!!,0
Buy cheap followers at spammywebsite.com!,0
Get rich quick by clicking this link!,0
Here's a working code snippet you can try.,1
The official docs provide more details about this function.,1
This answer solved my problem exactly.,1
You can use a loop to iterate over the array.,1
I totally agree with the above explanation.,1
Free downloads at spamlink.com!,0
Try increasing the buffer size and see if it helps.,1
Great explanation with examples.,1
Visit this link for free stuff!,0
This answer solved my problem exactly.,1
Buy cheap followers at spammywebsite.com!,0
This answer solved my problem exactly.,1
Check out my profile for more answers!,0
This answer solved my problem exactly.,1
Buy cheap followers at spammywebsite.com!,0
I disagree because the code will fail on edge cases.,1
Buy cheap followers at spammywebsite.com!,0
You can use a loop to iterate over the array.,1
Free downloads at spamlink.com!,0
Subscribe now and get free access!,0
Free downloads at spamlink.com!,0
Here's a working code snippet you can try.,1
Click here for free gifts!!!,0
I totally agree with the above explanation.,1
You can use a loop to iterate over the array.,1
Here's a working code snippet you can try.,1
Try increasing the buffer size and see if it helps.,1
You can use a loop to iterate over the array.,1
Spam spam spam spam spam spam spam spam spam,0
This is spam spam spam spam.,0
I disagree because the code will fail on edge cases.,1
Check out my profile for more answers!,0
Limited offer! Act now!!!,0
I disagree because the code will fail on edge cases.,1
You can use a loop to iterate over the array.,1
This solution worked perfectly for me.,1
Visit this link for free stuff!,0
This is spam spam spam spam.,0
This solution worked perfectly for me.,1
Check out my profile for more answers!,0
Free downloads at spamlink.com!,0
Spam spam spam spam spam spam spam spam spam,0
I totally agree with the above explanation.,1
Spam spam spam spam spam spam spam spam spam,0
Visit this link for free stuff!,0
Check out my profile for more answers!,0
Here's a working code snippet you can try.,1
I totally agree with the above explanation.,1
You can use a loop to iterate over the array.,1
This solution worked perfectly for me.,1
Visit this link for free stuff!,0
This is spam spam spam spam.,0
This answer solved my problem exactly.,1
I disagree because the code will fail on edge cases.,1
Get rich quick by clicking this link!,0
You can use a loop to iterate over the array.,1
This solution worked perfectly for me.,1
"Thanks for the detailed explanation, very helpful!",1
Here's a working code snippet you can try.,1
This answer solved my problem exactly.,1
Great explanation with examples.,1
Click here for free gifts!!!,0
Free downloads at spamlink.com!,0
Spam spam spam spam spam spam spam spam spam,0
Try increasing the buffer size and see if it helps.,1
Try increasing the buffer size and see if it helps.,1
The official docs provide more details about this function.,1
This is spam spam spam spam.,0
This is spam spam spam spam.,0
You can use a loop to iterate over the array.,1
Spam spam spam spam spam spam spam spam spam,0
Check out my profile for more answers!,0
Here's a working code snippet you can try.,1
Great explanation with examples.,1
Free downloads at spamlink.com!,0
I totally agree with the above explanation.,1
Great explanation with examples.,1
This is spam spam spam spam.,0
Click here for free gifts!!!,0
The official docs provide more details about this function.,1
Spam spam spam spam spam spam spam spam spam,0
Spam spam spam spam spam spam spam spam spam,0
This answer solved my problem exactly.,1
I totally agree with the above explanation.,1
I disagree because the code will fail on edge cases.,1
This answer solved my problem exactly.,1
Get rich quick by clicking this link!,0
Get rich quick by clicking this link!,0
Click here for free gifts!!!,0
Here's a working code snippet you can try.,1
I totally agree with the above explanation.,1
The official docs provide more details about this function.,1
Check out my profile for more answers!,0
The official docs provide more details about this function.,1
This solution worked perfectly for me.,1
Check out my profile for more answers!,0
Spam spam spam spam spam spam spam spam spam,0
I totally agree with the above explanation.,1
Free downloads at spamlink.com!,0
Click here for free gifts!!!,0
Spam spam spam spam spam spam spam spam spam,0
This solution worked perfectly for me.,1
Check out my profile for more answers!,0
Free downloads at spamlink.com!,0
Spam spam spam spam spam spam spam spam spam,0
Free downloads at spamlink.com!,0
Try increasing the buffer size and see if it helps.,1
Click here for free gifts!!!,0
Limited offer! Act now!!!,0
This answer solved my problem exactly.,1
Great explanation with examples.,1
Free downloads at spamlink.com!,0
Check out my profile for more answers!,0
Get rich quick by clicking this link!,0
Subscribe now and get free access!,0
This solution worked perfectly for me.,1
Try increasing the buffer size and see if it helps.,1
Spam spam spam spam spam spam spam spam spam,0
I disagree because the code will fail on edge cases.,1
Free downloads at spamlink.com!,0
The official docs provide more details about this function.,1
Buy cheap followers at spammywebsite.com!,0
Click here for free gifts!!!,0
Try increasing the buffer size and see if it helps.,1
"Thanks for the detailed explanation, very helpful!",1
Limited offer! Act now!!!,0
I disagree because the code will fail on edge cases.,1
This solution worked perfectly for me.,1
This is spam spam spam spam.,0
"Thanks for the detailed explanation, very helpful!",1
This answer solved my problem exactly.,1
This answer solved my problem exactly.,1
Free downloads at spamlink.com!,0
Here's a working code snippet you can try.,1
Free downloads at spamlink.com!,0
I disagree because the code will fail on edge cases.,1
The official docs provide more details about this function.,1
This is spam spam spam spam.,0
You can use a loop to iterate over the array.,1
Try increasing the buffer size and see if it helps.,1
You can use a loop to iterate over the array.,1
Visit this link for free stuff!,0
Get rich quick by clicking this link!,0
I totally agree with the above explanation.,1
Check out my profile for more answers!,0
Check out my profile for more answers!,0
Get rich quick by clicking this link!,0
Buy cheap followers at spammywebsite.com!,0
Get rich quick by clicking this link!,0
Visit this link for free stuff!,0
Try increasing the buffer size and see if it helps.,1
Buy cheap followers at spammywebsite.com!,0
Great explanation with examples.,1
This is spam spam spam spam.,0
Free downloads at spamlink.com!,0
This is spam spam spam spam.,0
Limited offer! Act now!!!,0
Click here for free gifts!!!,0
This solution worked perfectly for me.,1
Visit this link for free stuff!,0
The official docs provide more details about this function.,1
You can use a loop to iterate over the array.,1
Buy cheap followers at spammywebsite.com!,0
Try increasing the buffer size and see if it helps.,1
I totally agree with the above explanation.,1
The official docs provide more details about this function.,1
"Thanks for the detailed explanation, very helpful!",1
Get rich quick by clicking this link!,0
I disagree because the code will fail on edge cases.,1
Click here for free gifts!!!,0
Limited offer! Act now!!!,0
Great explanation with examples.,1
You can use a loop to iterate over the array.,1
You can use a loop to iterate over the array.,1
I totally agree with the above explanation.,1
I disagree because the code will fail on edge cases.,1
Limited offer! Act now!!!,0
This solution worked perfectly for me.,1
This is spam spam spam spam.,0
Here's a working code snippet you can try.,1
"Thanks for the detailed explanation, very helpful!",1
Great explanation with examples.,1
Great explanation with examples.,1
This answer solved my problem exactly.,1
Try increasing the buffer size and see if it helps.,1
I disagree because the code will fail on edge cases.,1
I totally agree with the above explanation.,1
"Thanks for the detailed explanation, very helpful!",1
Check out my profile for more answers!,0
Buy cheap followers at spammywebsite.com!,0
Check out my profile for more answers!,0
You can use a loop to iterate over the array.,1
Free downloads at spamlink.com!,0
Subscribe now and get free access!,0
Subscribe now and get free access!,0
This answer solved my problem exactly.,1
Check out my profile for more answers!,0
This is spam spam spam spam.,0
Great explanation with examples.,1
I totally agree with the above explanation.,1
Check out my profile for more answers!,0
Try increasing the buffer size and see if it helps.,1
Click here for free gifts!!!,0
This solution worked perfectly for me.,1
Get rich quick by clicking this link!,0
Spam spam spam spam spam spam spam spam spam,0
Free downloads at spamlink.com!,0
Free downloads at spamlink.com!,0
Buy cheap followers at spammywebsite.com!,0
Buy cheap followers at spammywebsite.com!,0
The official docs provide more details about this function.,1
I totally agree with the above explanation.,1
"Thanks for the detailed explanation, very helpful!",1
This solution worked perfectly for me.,1
Check out my profile for more answers!,0
Click here for free gifts!!!,0
Spam spam spam spam spam spam spam spam spam,0
Great explanation with examples.,1
Limited offer! Act now!!!,0
This answer solved my problem exactly.,1
The official docs provide more details about this function.,1
Get rich quick by clicking this link!,0
Check out my profile for more answers!,0
The official docs provide more details about this function.,1
Try increasing the buffer size and see if it helps.,1
Visit this link for free stuff!,0
Free downloads at spamlink.com!,0
Limited offer! Act now!!!,0
This solution worked perfectly for me.,1
Visit this link for free stuff!,0
Free downloads at spamlink.com!,0
Limited offer! Act now!!!,0
"Thanks for the detailed explanation, very helpful!",1
Subscribe now and get free access!,0
Great explanation with examples.,1
This is spam spam spam spam.,0
Great explanation with examples.,1
Limited offer! Act now!!!,0
Visit this link for free stuff!,0
Great explanation with examples.,1
Visit this link for free stuff!,0
"Thanks for the detailed explanation, very helpful!",1
This is spam spam spam spam.,0
The official docs provide more details about this function.,1
Subscribe now and get free access!,0
Check out my profile for more answers!,0
Get rich quick by clicking this link!,0
I totally agree with the above explanation.,1
Spam spam spam spam spam spam spam spam spam,0
Click here for free gifts!!!,0
Buy cheap followers at spammywebsite.com!,0
Great explanation with examples.,1
Get rich quick by clicking this link!,0
I totally agree with the above explanation.,1
Subscribe now and get free access!,0
Subscribe now and get free access!,0
"Thanks for the detailed explanation, very helpful!",1
Click here for free gifts!!!,0
This is spam spam spam spam.,0
Great explanation with examples.,1
Subscribe now and get free access!,0
Subscribe now and get free access!,0
This solution worked perfectly for me.,1
